ProductKey,ProductAlternateKey,EnglishProductName,StandardCost,Color,ModelName,EnglishDescription,Status,EnglishProductSubcategoryName,EnglishProductCategoryName
210,FR-R92B-58,"HL Road Frame - Black, 58",NULL,Black,HL Road Frame,Our lightest and best quality aluminum frame made from the newest alloy; it is welded and heat-treated for strength. Our innovative design results in maximum comfort and performance.,Current,Road Frames,Components
211,FR-R92R-58,"HL Road Frame - Red, 58",NULL,Red,HL Road Frame,Our lightest and best quality aluminum frame made from the newest alloy; it is welded and heat-treated for strength. Our innovative design results in maximum comfort and performance.,Current,Road Frames,Components
212,HL-U509-R,"Sport-100 Helmet, Red",12.0278,Red,Sport-100,"Universal fit, well-vented, lightweight , snap-on visor.",NULL,Helmets,Accessories
213,HL-U509-R,"Sport-100 Helmet, Red",13.8782,Red,Sport-100,"Universal fit, well-vented, lightweight , snap-on visor.",NULL,Helmets,Accessories
214,HL-U509-R,"Sport-100 Helmet, Red",13.0863,Red,Sport-100,"Universal fit, well-vented, lightweight , snap-on visor.",Current,Helmets,Accessories
215,HL-U509,"Sport-100 Helmet, Black",12.0278,Black,Sport-100,"Universal fit, well-vented, lightweight , snap-on visor.",NULL,Helmets,Accessories
216,HL-U509,"Sport-100 Helmet, Black",13.8782,Black,Sport-100,"Universal fit, well-vented, lightweight , snap-on visor.",NULL,Helmets,Accessories
217,HL-U509,"Sport-100 Helmet, Black",13.0863,Black,Sport-100,"Universal fit, well-vented, lightweight , snap-on visor.",Current,Helmets,Accessories
218,SO-B909-M,"Mountain Bike Socks, M",3.3963,White,Mountain Bike Socks,Combination of natural and synthetic fibers stays dry and provides just the right cushioning.,NULL,Socks,Clothing
219,SO-B909-L,"Mountain Bike Socks, L",3.3963,White,Mountain Bike Socks,Combination of natural and synthetic fibers stays dry and provides just the right cushioning.,NULL,Socks,Clothing
220,HL-U509-B,"Sport-100 Helmet, Blue",12.0278,Blue,Sport-100,"Universal fit, well-vented, lightweight , snap-on visor.",NULL,Helmets,Accessories
221,HL-U509-B,"Sport-100 Helmet, Blue",13.8782,Blue,Sport-100,"Universal fit, well-vented, lightweight , snap-on visor.",NULL,Helmets,Accessories
222,HL-U509-B,"Sport-100 Helmet, Blue",13.0863,Blue,Sport-100,"Universal fit, well-vented, lightweight , snap-on visor.",Current,Helmets,Accessories
223,CA-1098,AWC Logo Cap,5.7052,Multi,Cycling Cap,Traditional style with a flip-up brim; one-size fits all.,NULL,Caps,Clothing
224,CA-1098,AWC Logo Cap,5.2297,Multi,Cycling Cap,Traditional style with a flip-up brim; one-size fits all.,NULL,Caps,Clothing
225,CA-1098,AWC Logo Cap,6.9223,Multi,Cycling Cap,Traditional style with a flip-up brim; one-size fits all.,Current,Caps,Clothing
226,LJ-0192-S,"Long-Sleeve Logo Jersey, S",31.7244,Multi,Long-Sleeve Logo Jersey,Unisex long-sleeve AWC logo microfiber cycling jersey,NULL,Jerseys,Clothing
227,LJ-0192-S,"Long-Sleeve Logo Jersey, S",29.0807,Multi,Long-Sleeve Logo Jersey,Unisex long-sleeve AWC logo microfiber cycling jersey,NULL,Jerseys,Clothing
228,LJ-0192-S,"Long-Sleeve Logo Jersey, S",38.4923,Multi,Long-Sleeve Logo Jersey,Unisex long-sleeve AWC logo microfiber cycling jersey,Current,Jerseys,Clothing
229,LJ-0192-M,"Long-Sleeve Logo Jersey, M",31.7244,Multi,Long-Sleeve Logo Jersey,Unisex long-sleeve AWC logo microfiber cycling jersey,NULL,Jerseys,Clothing
230,LJ-0192-M,"Long-Sleeve Logo Jersey, M",29.0807,Multi,Long-Sleeve Logo Jersey,Unisex long-sleeve AWC logo microfiber cycling jersey,NULL,Jerseys,Clothing
231,LJ-0192-M,"Long-Sleeve Logo Jersey, M",38.4923,Multi,Long-Sleeve Logo Jersey,Unisex long-sleeve AWC logo microfiber cycling jersey,Current,Jerseys,Clothing
232,LJ-0192-L,"Long-Sleeve Logo Jersey, L",31.7244,Multi,Long-Sleeve Logo Jersey,Unisex long-sleeve AWC logo microfiber cycling jersey,NULL,Jerseys,Clothing
233,LJ-0192-L,"Long-Sleeve Logo Jersey, L",29.0807,Multi,Long-Sleeve Logo Jersey,Unisex long-sleeve AWC logo microfiber cycling jersey,NULL,Jerseys,Clothing
234,LJ-0192-L,"Long-Sleeve Logo Jersey, L",38.4923,Multi,Long-Sleeve Logo Jersey,Unisex long-sleeve AWC logo microfiber cycling jersey,Current,Jerseys,Clothing
235,LJ-0192-X,"Long-Sleeve Logo Jersey, XL",31.7244,Multi,Long-Sleeve Logo Jersey,Unisex long-sleeve AWC logo microfiber cycling jersey,NULL,Jerseys,Clothing
236,LJ-0192-X,"Long-Sleeve Logo Jersey, XL",29.0807,Multi,Long-Sleeve Logo Jersey,Unisex long-sleeve AWC logo microfiber cycling jersey,NULL,Jerseys,Clothing
237,LJ-0192-X,"Long-Sleeve Logo Jersey, XL",38.4923,Multi,Long-Sleeve Logo Jersey,Unisex long-sleeve AWC logo microfiber cycling jersey,Current,Jerseys,Clothing
238,FR-R92R-62,"HL Road Frame - Red, 62",747.9682,Red,HL Road Frame,Our lightest and best quality aluminum frame made from the newest alloy; it is welded and heat-treated for strength. Our innovative design results in maximum comfort and performance.,NULL,Road Frames,Components
239,FR-R92R-62,"HL Road Frame - Red, 62",722.2568,Red,HL Road Frame,Our lightest and best quality aluminum frame made from the newest alloy; it is welded and heat-treated for strength. Our innovative design results in maximum comfort and performance.,NULL,Road Frames,Components
240,FR-R92R-62,"HL Road Frame - Red, 62",868.6342,Red,HL Road Frame,Our lightest and best quality aluminum frame made from the newest alloy; it is welded and heat-treated for strength. Our innovative design results in maximum comfort and performance.,Current,Road Frames,Components
241,FR-R92R-44,"HL Road Frame - Red, 44",747.9682,Red,HL Road Frame,Our lightest and best quality aluminum frame made from the newest alloy; it is welded and heat-treated for strength. Our innovative design results in maximum comfort and performance.,NULL,Road Frames,Components
242,FR-R92R-44,"HL Road Frame - Red, 44",722.2568,Red,HL Road Frame,Our lightest and best quality aluminum frame made from the newest alloy; it is welded and heat-treated for strength. Our innovative design results in maximum comfort and performance.,NULL,Road Frames,Components
243,FR-R92R-44,"HL Road Frame - Red, 44",868.6342,Red,HL Road Frame,Our lightest and best quality aluminum frame made from the newest alloy; it is welded and heat-treated for strength. Our innovative design results in maximum comfort and performance.,Current,Road Frames,Components
244,FR-R92R-48,"HL Road Frame - Red, 48",747.9682,Red,HL Road Frame,Our lightest and best quality aluminum frame made from the newest alloy; it is welded and heat-treated for strength. Our innovative design results in maximum comfort and performance.,NULL,Road Frames,Components
245,FR-R92R-48,"HL Road Frame - Red, 48",722.2568,Red,HL Road Frame,Our lightest and best quality aluminum frame made from the newest alloy; it is welded and heat-treated for strength. Our innovative design results in maximum comfort and performance.,NULL,Road Frames,Components
246,FR-R92R-48,"HL Road Frame - Red, 48",868.6342,Red,HL Road Frame,Our lightest and best quality aluminum frame made from the newest alloy; it is welded and heat-treated for strength. Our innovative design results in maximum comfort and performance.,Current,Road Frames,Components
247,FR-R92R-52,"HL Road Frame - Red, 52",747.9682,Red,HL Road Frame,Our lightest and best quality aluminum frame made from the newest alloy; it is welded and heat-treated for strength. Our innovative design results in maximum comfort and performance.,NULL,Road Frames,Components
248,FR-R92R-52,"HL Road Frame - Red, 52",722.2568,Red,HL Road Frame,Our lightest and best quality aluminum frame made from the newest alloy; it is welded and heat-treated for strength. Our innovative design results in maximum comfort and performance.,NULL,Road Frames,Components
249,FR-R92R-52,"HL Road Frame - Red, 52",868.6342,Red,HL Road Frame,Our lightest and best quality aluminum frame made from the newest alloy; it is welded and heat-treated for strength. Our innovative design results in maximum comfort and performance.,Current,Road Frames,Components
250,FR-R92R-56,"HL Road Frame - Red, 56",747.9682,Red,HL Road Frame,Our lightest and best quality aluminum frame made from the newest alloy; it is welded and heat-treated for strength. Our innovative design results in maximum comfort and performance.,NULL,Road Frames,Components
251,FR-R92R-56,"HL Road Frame - Red, 56",722.2568,Red,HL Road Frame,Our lightest and best quality aluminum frame made from the newest alloy; it is welded and heat-treated for strength. Our innovative design results in maximum comfort and performance.,NULL,Road Frames,Components
252,FR-R92R-56,"HL Road Frame - Red, 56",868.6342,Red,HL Road Frame,Our lightest and best quality aluminum frame made from the newest alloy; it is welded and heat-treated for strength. Our innovative design results in maximum comfort and performance.,Current,Road Frames,Components
253,FR-R38B-58,"LL Road Frame - Black, 58",176.1997,Black,LL Road Frame,"The LL Frame provides a safe comfortable ride, while offering superior bump absorption in a value-priced aluminum frame.",NULL,Road Frames,Components
254,FR-R38B-58,"LL Road Frame - Black, 58",170.1428,Black,LL Road Frame,"The LL Frame provides a safe comfortable ride, while offering superior bump absorption in a value-priced aluminum frame.",NULL,Road Frames,Components
255,FR-R38B-58,"LL Road Frame - Black, 58",204.6251,Black,LL Road Frame,"The LL Frame provides a safe comfortable ride, while offering superior bump absorption in a value-priced aluminum frame.",Current,Road Frames,Components
256,FR-R38B-60,"LL Road Frame - Black, 60",176.1997,Black,LL Road Frame,"The LL Frame provides a safe comfortable ride, while offering superior bump absorption in a value-priced aluminum frame.",NULL,Road Frames,Components
257,FR-R38B-60,"LL Road Frame - Black, 60",170.1428,Black,LL Road Frame,"The LL Frame provides a safe comfortable ride, while offering superior bump absorption in a value-priced aluminum frame.",NULL,Road Frames,Components
258,FR-R38B-60,"LL Road Frame - Black, 60",204.6251,Black,LL Road Frame,"The LL Frame provides a safe comfortable ride, while offering superior bump absorption in a value-priced aluminum frame.",Current,Road Frames,Components
259,FR-R38B-62,"LL Road Frame - Black, 62",176.1997,Black,LL Road Frame,"The LL Frame provides a safe comfortable ride, while offering superior bump absorption in a value-priced aluminum frame.",NULL,Road Frames,Components
260,FR-R38B-62,"LL Road Frame - Black, 62",170.1428,Black,LL Road Frame,"The LL Frame provides a safe comfortable ride, while offering superior bump absorption in a value-priced aluminum frame.",NULL,Road Frames,Components
261,FR-R38B-62,"LL Road Frame - Black, 62",204.6251,Black,LL Road Frame,"The LL Frame provides a safe comfortable ride, while offering superior bump absorption in a value-priced aluminum frame.",Current,Road Frames,Components
262,FR-R38R-44,"LL Road Frame - Red, 44",181.4857,Red,LL Road Frame,"The LL Frame provides a safe comfortable ride, while offering superior bump absorption in a value-priced aluminum frame.",NULL,Road Frames,Components
263,FR-R38R-44,"LL Road Frame - Red, 44",187.1571,Red,LL Road Frame,"The LL Frame provides a safe comfortable ride, while offering superior bump absorption in a value-priced aluminum frame.",NULL,Road Frames,Components
264,FR-R38R-48,"LL Road Frame - Red, 48",181.4857,Red,LL Road Frame,"The LL Frame provides a safe comfortable ride, while offering superior bump absorption in a value-priced aluminum frame.",NULL,Road Frames,Components
265,FR-R38R-48,"LL Road Frame - Red, 48",187.1571,Red,LL Road Frame,"The LL Frame provides a safe comfortable ride, while offering superior bump absorption in a value-priced aluminum frame.",NULL,Road Frames,Components
266,FR-R38R-52,"LL Road Frame - Red, 52",181.4857,Red,LL Road Frame,"The LL Frame provides a safe comfortable ride, while offering superior bump absorption in a value-priced aluminum frame.",NULL,Road Frames,Components
267,FR-R38R-52,"LL Road Frame - Red, 52",187.1571,Red,LL Road Frame,"The LL Frame provides a safe comfortable ride, while offering superior bump absorption in a value-priced aluminum frame.",NULL,Road Frames,Components
268,FR-R38R-58,"LL Road Frame - Red, 58",181.4857,Red,LL Road Frame,"The LL Frame provides a safe comfortable ride, while offering superior bump absorption in a value-priced aluminum frame.",NULL,Road Frames,Components
269,FR-R38R-58,"LL Road Frame - Red, 58",187.1571,Red,LL Road Frame,"The LL Frame provides a safe comfortable ride, while offering superior bump absorption in a value-priced aluminum frame.",NULL,Road Frames,Components
270,FR-R38R-60,"LL Road Frame - Red, 60",181.4857,Red,LL Road Frame,"The LL Frame provides a safe comfortable ride, while offering superior bump absorption in a value-priced aluminum frame.",NULL,Road Frames,Components
271,FR-R38R-60,"LL Road Frame - Red, 60",187.1571,Red,LL Road Frame,"The LL Frame provides a safe comfortable ride, while offering superior bump absorption in a value-priced aluminum frame.",NULL,Road Frames,Components
272,FR-R38R-62,"LL Road Frame - Red, 62",181.4857,Red,LL Road Frame,"The LL Frame provides a safe comfortable ride, while offering superior bump absorption in a value-priced aluminum frame.",NULL,Road Frames,Components
273,FR-R38R-62,"LL Road Frame - Red, 62",187.1571,Red,LL Road Frame,"The LL Frame provides a safe comfortable ride, while offering superior bump absorption in a value-priced aluminum frame.",NULL,Road Frames,Components
274,FR-R72R-44,"ML Road Frame - Red, 44",352.1394,Red,ML Road Frame,"Made from the same aluminum alloy as our top-of-the line HL frame, the ML features a lightweight down-tube milled to the perfect diameter for optimal strength. Men's version.",NULL,Road Frames,Components
275,FR-R72R-48,"ML Road Frame - Red, 48",352.1394,Red,ML Road Frame,"Made from the same aluminum alloy as our top-of-the line HL frame, the ML features a lightweight down-tube milled to the perfect diameter for optimal strength. Men's version.",NULL,Road Frames,Components
276,FR-R72R-52,"ML Road Frame - Red, 52",352.1394,Red,ML Road Frame,"Made from the same aluminum alloy as our top-of-the line HL frame, the ML features a lightweight down-tube milled to the perfect diameter for optimal strength. Men's version.",NULL,Road Frames,Components
277,FR-R72R-58,"ML Road Frame - Red, 58",352.1394,Red,ML Road Frame,"Made from the same aluminum alloy as our top-of-the line HL frame, the ML features a lightweight down-tube milled to the perfect diameter for optimal strength. Men's version.",NULL,Road Frames,Components
278,FR-R72R-60,"ML Road Frame - Red, 60",352.1394,Red,ML Road Frame,"Made from the same aluminum alloy as our top-of-the line HL frame, the ML features a lightweight down-tube milled to the perfect diameter for optimal strength. Men's version.",NULL,Road Frames,Components
279,FR-R38B-44,"LL Road Frame - Black, 44",176.1997,Black,LL Road Frame,"The LL Frame provides a safe comfortable ride, while offering superior bump absorption in a value-priced aluminum frame.",NULL,Road Frames,Components
280,FR-R38B-44,"LL Road Frame - Black, 44",170.1428,Black,LL Road Frame,"The LL Frame provides a safe comfortable ride, while offering superior bump absorption in a value-priced aluminum frame.",NULL,Road Frames,Components
281,FR-R38B-44,"LL Road Frame - Black, 44",204.6251,Black,LL Road Frame,"The LL Frame provides a safe comfortable ride, while offering superior bump absorption in a value-priced aluminum frame.",Current,Road Frames,Components
282,FR-R38B-48,"LL Road Frame - Black, 48",176.1997,Black,LL Road Frame,"The LL Frame provides a safe comfortable ride, while offering superior bump absorption in a value-priced aluminum frame.",NULL,Road Frames,Components
283,FR-R38B-48,"LL Road Frame - Black, 48",170.1428,Black,LL Road Frame,"The LL Frame provides a safe comfortable ride, while offering superior bump absorption in a value-priced aluminum frame.",NULL,Road Frames,Components
284,FR-R38B-48,"LL Road Frame - Black, 48",204.6251,Black,LL Road Frame,"The LL Frame provides a safe comfortable ride, while offering superior bump absorption in a value-priced aluminum frame.",Current,Road Frames,Components
285,FR-R38B-52,"LL Road Frame - Black, 52",176.1997,Black,LL Road Frame,"The LL Frame provides a safe comfortable ride, while offering superior bump absorption in a value-priced aluminum frame.",NULL,Road Frames,Components
286,FR-R38B-52,"LL Road Frame - Black, 52",170.1428,Black,LL Road Frame,"The LL Frame provides a safe comfortable ride, while offering superior bump absorption in a value-priced aluminum frame.",NULL,Road Frames,Components
287,FR-R38B-52,"LL Road Frame - Black, 52",204.6251,Black,LL Road Frame,"The LL Frame provides a safe comfortable ride, while offering superior bump absorption in a value-priced aluminum frame.",Current,Road Frames,Components
288,FR-M94S-42,"HL Mountain Frame - Silver, 42",623.8403,Silver,HL Mountain Frame,Each frame is hand-crafted in our Bothell facility to the optimum diameter and wall-thickness required of a premium mountain frame. The heat-treated welded aluminum frame has a larger diameter tube that absorbs the bumps.,NULL,Mountain Frames,Components
289,FR-M94S-42,"HL Mountain Frame - Silver, 42",660.9142,Silver,HL Mountain Frame,Each frame is hand-crafted in our Bothell facility to the optimum diameter and wall-thickness required of a premium mountain frame. The heat-treated welded aluminum frame has a larger diameter tube that absorbs the bumps.,NULL,Mountain Frames,Components
290,FR-M94S-42,"HL Mountain Frame - Silver, 42",747.2002,Silver,HL Mountain Frame,Each frame is hand-crafted in our Bothell facility to the optimum diameter and wall-thickness required of a premium mountain frame. The heat-treated welded aluminum frame has a larger diameter tube that absorbs the bumps.,Current,Mountain Frames,Components
291,FR-M94S-44,"HL Mountain Frame - Silver, 44",706.811,Silver,HL Mountain Frame,Each frame is hand-crafted in our Bothell facility to the optimum diameter and wall-thickness required of a premium mountain frame. The heat-treated welded aluminum frame has a larger diameter tube that absorbs the bumps.,NULL,Mountain Frames,Components
292,FR-M94S-52,"HL Mountain Frame - Silver, 48",706.811,Silver,HL Mountain Frame,Each frame is hand-crafted in our Bothell facility to the optimum diameter and wall-thickness required of a premium mountain frame. The heat-treated welded aluminum frame has a larger diameter tube that absorbs the bumps.,NULL,Mountain Frames,Components
293,FR-M94S-46,"HL Mountain Frame - Silver, 46",623.8403,Silver,HL Mountain Frame,Each frame is hand-crafted in our Bothell facility to the optimum diameter and wall-thickness required of a premium mountain frame. The heat-treated welded aluminum frame has a larger diameter tube that absorbs the bumps.,NULL,Mountain Frames,Components
294,FR-M94S-46,"HL Mountain Frame - Silver, 46",660.9142,Silver,HL Mountain Frame,Each frame is hand-crafted in our Bothell facility to the optimum diameter and wall-thickness required of a premium mountain frame. The heat-treated welded aluminum frame has a larger diameter tube that absorbs the bumps.,NULL,Mountain Frames,Components
295,FR-M94S-46,"HL Mountain Frame - Silver, 46",747.2002,Silver,HL Mountain Frame,Each frame is hand-crafted in our Bothell facility to the optimum diameter and wall-thickness required of a premium mountain frame. The heat-treated welded aluminum frame has a larger diameter tube that absorbs the bumps.,Current,Mountain Frames,Components
296,FR-M94B-42,"HL Mountain Frame - Black, 42",617.0281,Black,HL Mountain Frame,Each frame is hand-crafted in our Bothell facility to the optimum diameter and wall-thickness required of a premium mountain frame. The heat-treated welded aluminum frame has a larger diameter tube that absorbs the bumps.,NULL,Mountain Frames,Components
297,FR-M94B-42,"HL Mountain Frame - Black, 42",653.6971,Black,HL Mountain Frame,Each frame is hand-crafted in our Bothell facility to the optimum diameter and wall-thickness required of a premium mountain frame. The heat-treated welded aluminum frame has a larger diameter tube that absorbs the bumps.,NULL,Mountain Frames,Components
298,FR-M94B-42,"HL Mountain Frame - Black, 42",739.041,Black,HL Mountain Frame,Each frame is hand-crafted in our Bothell facility to the optimum diameter and wall-thickness required of a premium mountain frame. The heat-treated welded aluminum frame has a larger diameter tube that absorbs the bumps.,Current,Mountain Frames,Components
299,FR-M94B-44,"HL Mountain Frame - Black, 44",699.0928,Black,HL Mountain Frame,Each frame is hand-crafted in our Bothell facility to the optimum diameter and wall-thickness required of a premium mountain frame. The heat-treated welded aluminum frame has a larger diameter tube that absorbs the bumps.,NULL,Mountain Frames,Components
300,FR-M94B-48,"HL Mountain Frame - Black, 48",699.0928,Black,HL Mountain Frame,Each frame is hand-crafted in our Bothell facility to the optimum diameter and wall-thickness required of a premium mountain frame. The heat-treated welded aluminum frame has a larger diameter tube that absorbs the bumps.,NULL,Mountain Frames,Components
301,FR-M94B-46,"HL Mountain Frame - Black, 46",617.0281,Black,HL Mountain Frame,Each frame is hand-crafted in our Bothell facility to the optimum diameter and wall-thickness required of a premium mountain frame. The heat-treated welded aluminum frame has a larger diameter tube that absorbs the bumps.,NULL,Mountain Frames,Components
302,FR-M94B-46,"HL Mountain Frame - Black, 46",653.6971,Black,HL Mountain Frame,Each frame is hand-crafted in our Bothell facility to the optimum diameter and wall-thickness required of a premium mountain frame. The heat-treated welded aluminum frame has a larger diameter tube that absorbs the bumps.,NULL,Mountain Frames,Components
303,FR-M94B-46,"HL Mountain Frame - Black, 46",739.041,Black,HL Mountain Frame,Each frame is hand-crafted in our Bothell facility to the optimum diameter and wall-thickness required of a premium mountain frame. The heat-treated welded aluminum frame has a larger diameter tube that absorbs the bumps.,Current,Mountain Frames,Components
304,FR-M94B-38,"HL Mountain Frame - Black, 38",617.0281,Black,HL Mountain Frame,Each frame is hand-crafted in our Bothell facility to the optimum diameter and wall-thickness required of a premium mountain frame. The heat-treated welded aluminum frame has a larger diameter tube that absorbs the bumps.,NULL,Mountain Frames,Components
305,FR-M94B-38,"HL Mountain Frame - Black, 38",653.6971,Black,HL Mountain Frame,Each frame is hand-crafted in our Bothell facility to the optimum diameter and wall-thickness required of a premium mountain frame. The heat-treated welded aluminum frame has a larger diameter tube that absorbs the bumps.,NULL,Mountain Frames,Components
306,FR-M94B-38,"HL Mountain Frame - Black, 38",739.041,Black,HL Mountain Frame,Each frame is hand-crafted in our Bothell facility to the optimum diameter and wall-thickness required of a premium mountain frame. The heat-treated welded aluminum frame has a larger diameter tube that absorbs the bumps.,Current,Mountain Frames,Components
307,FR-M94S-38,"HL Mountain Frame - Silver, 38",623.8403,Silver,HL Mountain Frame,Each frame is hand-crafted in our Bothell facility to the optimum diameter and wall-thickness required of a premium mountain frame. The heat-treated welded aluminum frame has a larger diameter tube that absorbs the bumps.,NULL,Mountain Frames,Components
308,FR-M94S-38,"HL Mountain Frame - Silver, 38",660.9142,Silver,HL Mountain Frame,Each frame is hand-crafted in our Bothell facility to the optimum diameter and wall-thickness required of a premium mountain frame. The heat-treated welded aluminum frame has a larger diameter tube that absorbs the bumps.,NULL,Mountain Frames,Components
309,FR-M94S-38,"HL Mountain Frame - Silver, 38",747.2002,Silver,HL Mountain Frame,Each frame is hand-crafted in our Bothell facility to the optimum diameter and wall-thickness required of a premium mountain frame. The heat-treated welded aluminum frame has a larger diameter tube that absorbs the bumps.,Current,Mountain Frames,Components
310,BK-R93R-62,"Road-150 Red, 62",2171.2942,Red,Road-150,"This bike is ridden by race winners. Developed with the Adventure Works Cycles professional race team, it has a extremely light heat-treated aluminum frame, and steering that allows precision control.",NULL,Road Bikes,Bikes
311,BK-R93R-44,"Road-150 Red, 44",2171.2942,Red,Road-150,"This bike is ridden by race winners. Developed with the Adventure Works Cycles professional race team, it has a extremely light heat-treated aluminum frame, and steering that allows precision control.",NULL,Road Bikes,Bikes
312,BK-R93R-48,"Road-150 Red, 48",2171.2942,Red,Road-150,"This bike is ridden by race winners. Developed with the Adventure Works Cycles professional race team, it has a extremely light heat-treated aluminum frame, and steering that allows precision control.",NULL,Road Bikes,Bikes
313,BK-R93R-52,"Road-150 Red, 52",2171.2942,Red,Road-150,"This bike is ridden by race winners. Developed with the Adventure Works Cycles professional race team, it has a extremely light heat-treated aluminum frame, and steering that allows precision control.",NULL,Road Bikes,Bikes
314,BK-R93R-56,"Road-150 Red, 56",2171.2942,Red,Road-150,"This bike is ridden by race winners. Developed with the Adventure Works Cycles professional race team, it has a extremely light heat-treated aluminum frame, and steering that allows precision control.",NULL,Road Bikes,Bikes
315,BK-R68R-58,"Road-450 Red, 58",884.7083,Red,Road-450,"A true multi-sport bike that offers streamlined riding and a revolutionary design. Aerodynamic design lets you ride with the pros, and the gearing will conquer hilly roads.",NULL,Road Bikes,Bikes
316,BK-R68R-60,"Road-450 Red, 60",884.7083,Red,Road-450,"A true multi-sport bike that offers streamlined riding and a revolutionary design. Aerodynamic design lets you ride with the pros, and the gearing will conquer hilly roads.",NULL,Road Bikes,Bikes
317,BK-R68R-44,"Road-450 Red, 44",884.7083,Red,Road-450,"A true multi-sport bike that offers streamlined riding and a revolutionary design. Aerodynamic design lets you ride with the pros, and the gearing will conquer hilly roads.",NULL,Road Bikes,Bikes
318,BK-R68R-48,"Road-450 Red, 48",884.7083,Red,Road-450,"A true multi-sport bike that offers streamlined riding and a revolutionary design. Aerodynamic design lets you ride with the pros, and the gearing will conquer hilly roads.",NULL,Road Bikes,Bikes
319,BK-R68R-52,"Road-450 Red, 52",884.7083,Red,Road-450,"A true multi-sport bike that offers streamlined riding and a revolutionary design. Aerodynamic design lets you ride with the pros, and the gearing will conquer hilly roads.",NULL,Road Bikes,Bikes
320,BK-R50R-58,"Road-650 Red, 58",413.1463,Red,Road-650,"Value-priced bike with many features of our top-of-the-line models. Has the same light, stiff frame, and the quick acceleration we're famous for.",NULL,Road Bikes,Bikes
321,BK-R50R-58,"Road-650 Red, 58",486.7066,Red,Road-650,"Value-priced bike with many features of our top-of-the-line models. Has the same light, stiff frame, and the quick acceleration we're famous for.",NULL,Road Bikes,Bikes
322,BK-R50R-60,"Road-650 Red, 60",413.1463,Red,Road-650,"Value-priced bike with many features of our top-of-the-line models. Has the same light, stiff frame, and the quick acceleration we're famous for.",NULL,Road Bikes,Bikes
323,BK-R50R-60,"Road-650 Red, 60",486.7066,Red,Road-650,"Value-priced bike with many features of our top-of-the-line models. Has the same light, stiff frame, and the quick acceleration we're famous for.",NULL,Road Bikes,Bikes
324,BK-R50R-62,"Road-650 Red, 62",413.1463,Red,Road-650,"Value-priced bike with many features of our top-of-the-line models. Has the same light, stiff frame, and the quick acceleration we're famous for.",NULL,Road Bikes,Bikes
325,BK-R50R-62,"Road-650 Red, 62",486.7066,Red,Road-650,"Value-priced bike with many features of our top-of-the-line models. Has the same light, stiff frame, and the quick acceleration we're famous for.",NULL,Road Bikes,Bikes
326,BK-R50R-44,"Road-650 Red, 44",413.1463,Red,Road-650,"Value-priced bike with many features of our top-of-the-line models. Has the same light, stiff frame, and the quick acceleration we're famous for.",NULL,Road Bikes,Bikes
327,BK-R50R-44,"Road-650 Red, 44",486.7066,Red,Road-650,"Value-priced bike with many features of our top-of-the-line models. Has the same light, stiff frame, and the quick acceleration we're famous for.",NULL,Road Bikes,Bikes
328,BK-R50R-48,"Road-650 Red, 48",413.1463,Red,Road-650,"Value-priced bike with many features of our top-of-the-line models. Has the same light, stiff frame, and the quick acceleration we're famous for.",NULL,Road Bikes,Bikes
329,BK-R50R-48,"Road-650 Red, 48",486.7066,Red,Road-650,"Value-priced bike with many features of our top-of-the-line models. Has the same light, stiff frame, and the quick acceleration we're famous for.",NULL,Road Bikes,Bikes
330,BK-R50R-52,"Road-650 Red, 52",413.1463,Red,Road-650,"Value-priced bike with many features of our top-of-the-line models. Has the same light, stiff frame, and the quick acceleration we're famous for.",NULL,Road Bikes,Bikes
331,BK-R50R-52,"Road-650 Red, 52",486.7066,Red,Road-650,"Value-priced bike with many features of our top-of-the-line models. Has the same light, stiff frame, and the quick acceleration we're famous for.",NULL,Road Bikes,Bikes
332,BK-R50B-58,"Road-650 Black, 58",413.1463,Black,Road-650,"Value-priced bike with many features of our top-of-the-line models. Has the same light, stiff frame, and the quick acceleration we're famous for.",NULL,Road Bikes,Bikes
333,BK-R50B-58,"Road-650 Black, 58",486.7066,Black,Road-650,"Value-priced bike with many features of our top-of-the-line models. Has the same light, stiff frame, and the quick acceleration we're famous for.",NULL,Road Bikes,Bikes
334,BK-R50B-60,"Road-650 Black, 60",413.1463,Black,Road-650,"Value-priced bike with many features of our top-of-the-line models. Has the same light, stiff frame, and the quick acceleration we're famous for.",NULL,Road Bikes,Bikes
335,BK-R50B-60,"Road-650 Black, 60",486.7066,Black,Road-650,"Value-priced bike with many features of our top-of-the-line models. Has the same light, stiff frame, and the quick acceleration we're famous for.",NULL,Road Bikes,Bikes
336,BK-R50B-62,"Road-650 Black, 62",413.1463,Black,Road-650,"Value-priced bike with many features of our top-of-the-line models. Has the same light, stiff frame, and the quick acceleration we're famous for.",NULL,Road Bikes,Bikes
337,BK-R50B-62,"Road-650 Black, 62",486.7066,Black,Road-650,"Value-priced bike with many features of our top-of-the-line models. Has the same light, stiff frame, and the quick acceleration we're famous for.",NULL,Road Bikes,Bikes
338,BK-R50B-44,"Road-650 Black, 44",413.1463,Black,Road-650,"Value-priced bike with many features of our top-of-the-line models. Has the same light, stiff frame, and the quick acceleration we're famous for.",NULL,Road Bikes,Bikes
339,BK-R50B-44,"Road-650 Black, 44",486.7066,Black,Road-650,"Value-priced bike with many features of our top-of-the-line models. Has the same light, stiff frame, and the quick acceleration we're famous for.",NULL,Road Bikes,Bikes
340,BK-R50B-48,"Road-650 Black, 48",413.1463,Black,Road-650,"Value-priced bike with many features of our top-of-the-line models. Has the same light, stiff frame, and the quick acceleration we're famous for.",NULL,Road Bikes,Bikes
341,BK-R50B-48,"Road-650 Black, 48",486.7066,Black,Road-650,"Value-priced bike with many features of our top-of-the-line models. Has the same light, stiff frame, and the quick acceleration we're famous for.",NULL,Road Bikes,Bikes
342,BK-R50B-52,"Road-650 Black, 52",413.1463,Black,Road-650,"Value-priced bike with many features of our top-of-the-line models. Has the same light, stiff frame, and the quick acceleration we're famous for.",NULL,Road Bikes,Bikes
343,BK-R50B-52,"Road-650 Black, 52",486.7066,Black,Road-650,"Value-priced bike with many features of our top-of-the-line models. Has the same light, stiff frame, and the quick acceleration we're famous for.",NULL,Road Bikes,Bikes
344,BK-M82S-38,"Mountain-100 Silver, 38",1912.1544,Silver,Mountain-100,"Top-of-the-line competition mountain bike. Performance-enhancing options include the innovative HL Frame, super-smooth front suspension, and traction for all terrain.",NULL,Mountain Bikes,Bikes
345,BK-M82S-42,"Mountain-100 Silver, 42",1912.1544,Silver,Mountain-100,"Top-of-the-line competition mountain bike. Performance-enhancing options include the innovative HL Frame, super-smooth front suspension, and traction for all terrain.",NULL,Mountain Bikes,Bikes
346,BK-M82S-44,"Mountain-100 Silver, 44",1912.1544,Silver,Mountain-100,"Top-of-the-line competition mountain bike. Performance-enhancing options include the innovative HL Frame, super-smooth front suspension, and traction for all terrain.",NULL,Mountain Bikes,Bikes
347,BK-M82S-48,"Mountain-100 Silver, 48",1912.1544,Silver,Mountain-100,"Top-of-the-line competition mountain bike. Performance-enhancing options include the innovative HL Frame, super-smooth front suspension, and traction for all terrain.",NULL,Mountain Bikes,Bikes
348,BK-M82B-38,"Mountain-100 Black, 38",1898.0944,Black,Mountain-100,"Top-of-the-line competition mountain bike. Performance-enhancing options include the innovative HL Frame, super-smooth front suspension, and traction for all terrain.",NULL,Mountain Bikes,Bikes
349,BK-M82B-42,"Mountain-100 Black, 42",1898.0944,Black,Mountain-100,"Top-of-the-line competition mountain bike. Performance-enhancing options include the innovative HL Frame, super-smooth front suspension, and traction for all terrain.",NULL,Mountain Bikes,Bikes
350,BK-M82B-44,"Mountain-100 Black, 44",1898.0944,Black,Mountain-100,"Top-of-the-line competition mountain bike. Performance-enhancing options include the innovative HL Frame, super-smooth front suspension, and traction for all terrain.",NULL,Mountain Bikes,Bikes
351,BK-M82B-48,"Mountain-100 Black, 48",1898.0944,Black,Mountain-100,"Top-of-the-line competition mountain bike. Performance-enhancing options include the innovative HL Frame, super-smooth front suspension, and traction for all terrain.",NULL,Mountain Bikes,Bikes
352,BK-M68S-38,"Mountain-200 Silver, 38",1117.8559,Silver,Mountain-200,Serious back-country riding. Perfect for all levels of competition. Uses the same HL Frame as the Mountain-100.,NULL,Mountain Bikes,Bikes
353,BK-M68S-38,"Mountain-200 Silver, 38",1265.6195,Silver,Mountain-200,Serious back-country riding. Perfect for all levels of competition. Uses the same HL Frame as the Mountain-100.,Current,Mountain Bikes,Bikes
354,BK-M68S-42,"Mountain-200 Silver, 42",1117.8559,Silver,Mountain-200,Serious back-country riding. Perfect for all levels of competition. Uses the same HL Frame as the Mountain-100.,NULL,Mountain Bikes,Bikes
355,BK-M68S-42,"Mountain-200 Silver, 42",1265.6195,Silver,Mountain-200,Serious back-country riding. Perfect for all levels of competition. Uses the same HL Frame as the Mountain-100.,Current,Mountain Bikes,Bikes
356,BK-M68S-46,"Mountain-200 Silver, 46",1117.8559,Silver,Mountain-200,Serious back-country riding. Perfect for all levels of competition. Uses the same HL Frame as the Mountain-100.,NULL,Mountain Bikes,Bikes
357,BK-M68S-46,"Mountain-200 Silver, 46",1265.6195,Silver,Mountain-200,Serious back-country riding. Perfect for all levels of competition. Uses the same HL Frame as the Mountain-100.,Current,Mountain Bikes,Bikes
358,BK-M68B-38,"Mountain-200 Black, 38",1105.81,Black,Mountain-200,Serious back-country riding. Perfect for all levels of competition. Uses the same HL Frame as the Mountain-100.,NULL,Mountain Bikes,Bikes
359,BK-M68B-38,"Mountain-200 Black, 38",1251.9813,Black,Mountain-200,Serious back-country riding. Perfect for all levels of competition. Uses the same HL Frame as the Mountain-100.,Current,Mountain Bikes,Bikes
360,BK-M68B-42,"Mountain-200 Black, 42",1105.81,Black,Mountain-200,Serious back-country riding. Perfect for all levels of competition. Uses the same HL Frame as the Mountain-100.,NULL,Mountain Bikes,Bikes
361,BK-M68B-42,"Mountain-200 Black, 42",1251.9813,Black,Mountain-200,Serious back-country riding. Perfect for all levels of competition. Uses the same HL Frame as the Mountain-100.,Current,Mountain Bikes,Bikes
362,BK-M68B-46,"Mountain-200 Black, 46",1105.81,Black,Mountain-200,Serious back-country riding. Perfect for all levels of competition. Uses the same HL Frame as the Mountain-100.,NULL,Mountain Bikes,Bikes
363,BK-M68B-46,"Mountain-200 Black, 46",1251.9813,Black,Mountain-200,Serious back-country riding. Perfect for all levels of competition. Uses the same HL Frame as the Mountain-100.,Current,Mountain Bikes,Bikes
364,BK-M47B-38,"Mountain-300 Black, 38",598.4354,Black,Mountain-300,For true trail addicts.  An extremely durable bike that will go anywhere and keep you in control on challenging terrain - without breaking your budget.,NULL,Mountain Bikes,Bikes
365,BK-M47B-40,"Mountain-300 Black, 40",598.4354,Black,Mountain-300,For true trail addicts.  An extremely durable bike that will go anywhere and keep you in control on challenging terrain - without breaking your budget.,NULL,Mountain Bikes,Bikes
366,BK-M47B-44,"Mountain-300 Black, 44",598.4354,Black,Mountain-300,For true trail addicts.  An extremely durable bike that will go anywhere and keep you in control on challenging terrain - without breaking your budget.,NULL,Mountain Bikes,Bikes
367,BK-M47B-48,"Mountain-300 Black, 48",598.4354,Black,Mountain-300,For true trail addicts.  An extremely durable bike that will go anywhere and keep you in control on challenging terrain - without breaking your budget.,NULL,Mountain Bikes,Bikes
368,BK-R89R-44,"Road-250 Red, 44",1518.7864,Red,Road-250,"Alluminum-alloy frame provides a light, stiff ride, whether you are racing in the velodrome or on a demanding club ride on country roads.",NULL,Road Bikes,Bikes
369,BK-R89R-48,"Road-250 Red, 48",1518.7864,Red,Road-250,"Alluminum-alloy frame provides a light, stiff ride, whether you are racing in the velodrome or on a demanding club ride on country roads.",NULL,Road Bikes,Bikes
370,BK-R89R-52,"Road-250 Red, 52",1518.7864,Red,Road-250,"Alluminum-alloy frame provides a light, stiff ride, whether you are racing in the velodrome or on a demanding club ride on country roads.",NULL,Road Bikes,Bikes
371,BK-R89R-58,"Road-250 Red, 58",1320.6838,Red,Road-250,"Alluminum-alloy frame provides a light, stiff ride, whether you are racing in the velodrome or on a demanding club ride on country roads.",NULL,Road Bikes,Bikes
372,BK-R89R-58,"Road-250 Red, 58",1554.9479,Red,Road-250,"Alluminum-alloy frame provides a light, stiff ride, whether you are racing in the velodrome or on a demanding club ride on country roads.",Current,Road Bikes,Bikes
373,BK-R89B-44,"Road-250 Black, 44",1320.6838,Black,Road-250,"Alluminum-alloy frame provides a light, stiff ride, whether you are racing in the velodrome or on a demanding club ride on country roads.",NULL,Road Bikes,Bikes
374,BK-R89B-44,"Road-250 Black, 44",1554.9479,Black,Road-250,"Alluminum-alloy frame provides a light, stiff ride, whether you are racing in the velodrome or on a demanding club ride on country roads.",Current,Road Bikes,Bikes
375,BK-R89B-48,"Road-250 Black, 48",1320.6838,Black,Road-250,"Alluminum-alloy frame provides a light, stiff ride, whether you are racing in the velodrome or on a demanding club ride on country roads.",NULL,Road Bikes,Bikes
376,BK-R89B-48,"Road-250 Black, 48",1554.9479,Black,Road-250,"Alluminum-alloy frame provides a light, stiff ride, whether you are racing in the velodrome or on a demanding club ride on country roads.",Current,Road Bikes,Bikes
377,BK-R89B-52,"Road-250 Black, 52",1320.6838,Black,Road-250,"Alluminum-alloy frame provides a light, stiff ride, whether you are racing in the velodrome or on a demanding club ride on country roads.",NULL,Road Bikes,Bikes
378,BK-R89B-52,"Road-250 Black, 52",1554.9479,Black,Road-250,"Alluminum-alloy frame provides a light, stiff ride, whether you are racing in the velodrome or on a demanding club ride on country roads.",Current,Road Bikes,Bikes
379,BK-R89B-58,"Road-250 Black, 58",1320.6838,Black,Road-250,"Alluminum-alloy frame provides a light, stiff ride, whether you are racing in the velodrome or on a demanding club ride on country roads.",NULL,Road Bikes,Bikes
380,BK-R89B-58,"Road-250 Black, 58",1554.9479,Black,Road-250,"Alluminum-alloy frame provides a light, stiff ride, whether you are racing in the velodrome or on a demanding club ride on country roads.",Current,Road Bikes,Bikes
381,BK-R64Y-38,"Road-550-W Yellow, 38",605.6492,Yellow,Road-550-W,"Same technology as all of our Road series bikes, but the frame is sized for a woman.  Perfect all-around bike for road or racing.",NULL,Road Bikes,Bikes
382,BK-R64Y-38,"Road-550-W Yellow, 38",713.0798,Yellow,Road-550-W,"Same technology as all of our Road series bikes, but the frame is sized for a woman.  Perfect all-around bike for road or racing.",Current,Road Bikes,Bikes
383,BK-R64Y-40,"Road-550-W Yellow, 40",605.6492,Yellow,Road-550-W,"Same technology as all of our Road series bikes, but the frame is sized for a woman.  Perfect all-around bike for road or racing.",NULL,Road Bikes,Bikes
384,BK-R64Y-40,"Road-550-W Yellow, 40",713.0798,Yellow,Road-550-W,"Same technology as all of our Road series bikes, but the frame is sized for a woman.  Perfect all-around bike for road or racing.",Current,Road Bikes,Bikes
385,BK-R64Y-42,"Road-550-W Yellow, 42",605.6492,Yellow,Road-550-W,"Same technology as all of our Road series bikes, but the frame is sized for a woman.  Perfect all-around bike for road or racing.",NULL,Road Bikes,Bikes
386,BK-R64Y-42,"Road-550-W Yellow, 42",713.0798,Yellow,Road-550-W,"Same technology as all of our Road series bikes, but the frame is sized for a woman.  Perfect all-around bike for road or racing.",Current,Road Bikes,Bikes
387,BK-R64Y-44,"Road-550-W Yellow, 44",605.6492,Yellow,Road-550-W,"Same technology as all of our Road series bikes, but the frame is sized for a woman.  Perfect all-around bike for road or racing.",NULL,Road Bikes,Bikes
388,BK-R64Y-44,"Road-550-W Yellow, 44",713.0798,Yellow,Road-550-W,"Same technology as all of our Road series bikes, but the frame is sized for a woman.  Perfect all-around bike for road or racing.",Current,Road Bikes,Bikes
389,BK-R64Y-48,"Road-550-W Yellow, 48",605.6492,Yellow,Road-550-W,"Same technology as all of our Road series bikes, but the frame is sized for a woman.  Perfect all-around bike for road or racing.",NULL,Road Bikes,Bikes
390,BK-R64Y-48,"Road-550-W Yellow, 48",713.0798,Yellow,Road-550-W,"Same technology as all of our Road series bikes, but the frame is sized for a woman.  Perfect all-around bike for road or racing.",Current,Road Bikes,Bikes
391,FK-1639,LL Fork,65.8097,NA,LL Fork,Stout design absorbs shock and offers more precise steering.,NULL,Forks,Components
392,FK-5136,ML Fork,77.9176,NA,ML Fork,Composite road fork with an aluminum steerer tube.,NULL,Forks,Components
393,FK-9939,HL Fork,101.8936,NA,HL Fork,High-performance carbon road fork with curved legs.,NULL,Forks,Components
394,HS-0296,LL Headset,15.1848,NA,LL Headset,Threadless headset provides quality at an economical price.,NULL,Headsets,Components
395,HS-2451,ML Headset,45.4168,NA,ML Headset,Sealed cartridge keeps dirt out.,NULL,Headsets,Components
396,HS-3479,HL Headset,55.3801,NA,HL Headset,"High-quality 1"" threadless headset with a grease port for quick lubrication.",NULL,Headsets,Components
397,HB-M243,LL Mountain Handlebars,17.978,NA,LL Mountain Handlebars,All-purpose bar for on or off-road.,NULL,Handlebars,Components
398,HB-M243,LL Mountain Handlebars,19.7758,NA,LL Mountain Handlebars,All-purpose bar for on or off-road.,Current,Handlebars,Components
399,HB-M763,ML Mountain Handlebars,24.9932,NA,ML Mountain Handlebars,Tough aluminum alloy bars for downhill.,NULL,Handlebars,Components
400,HB-M763,ML Mountain Handlebars,27.4925,NA,ML Mountain Handlebars,Tough aluminum alloy bars for downhill.,Current,Handlebars,Components
401,HB-M918,HL Mountain Handlebars,48.5453,NA,HL Mountain Handlebars,Flat bar strong enough for the pro circuit.,NULL,Handlebars,Components
402,HB-M918,HL Mountain Handlebars,53.3999,NA,HL Mountain Handlebars,Flat bar strong enough for the pro circuit.,Current,Handlebars,Components
403,HB-R504,LL Road Handlebars,17.978,NA,LL Road Handlebars,Unique shape provides easier reach to the levers.,NULL,Handlebars,Components
404,HB-R504,LL Road Handlebars,19.7758,NA,LL Road Handlebars,Unique shape provides easier reach to the levers.,Current,Handlebars,Components
405,HB-R720,ML Road Handlebars,24.9932,NA,ML Road Handlebars,Anatomically shaped aluminum tube bar will suit all riders.,NULL,Handlebars,Components
406,HB-R720,ML Road Handlebars,27.4925,NA,ML Road Handlebars,Anatomically shaped aluminum tube bar will suit all riders.,Current,Handlebars,Components
407,HB-R956,HL Road Handlebars,48.5453,NA,HL Road Handlebars,Designed for racers; high-end anatomically shaped bar from aluminum alloy.,NULL,Handlebars,Components
408,HB-R956,HL Road Handlebars,53.3999,NA,HL Road Handlebars,Designed for racers; high-end anatomically shaped bar from aluminum alloy.,Current,Handlebars,Components
409,FR-M63B-38,"ML Mountain Frame - Black, 38",185.8193,Black,ML Mountain Frame-W,The ML frame is a heat-treated aluminum frame made with the same detail and quality as our HL frame. It offers superior performance. Men's version.,NULL,Mountain Frames,Components
410,FW-M423,LL Mountain Front Wheel,26.9708,Black,LL Mountain Front Wheel,Replacement mountain wheel for entry-level rider.,NULL,Wheels,Components
411,FW-M762,ML Mountain Front Wheel,92.8071,Black,ML Mountain Front Wheel,Replacement mountain wheel for the casual to serious rider.,NULL,Wheels,Components
412,FW-M928,HL Mountain Front Wheel,133.2955,Black,HL Mountain Front Wheel,High-performance mountain replacement wheel.,NULL,Wheels,Components
413,FW-R623,LL Road Front Wheel,37.9909,Black,LL Road Front Wheel,Replacement road front wheel for entry-level cyclist.,NULL,Wheels,Components
414,FW-R762,ML Road Front Wheel,110.2829,Black,ML Road Front Wheel,Sturdy alloy features a quick-release hub.,NULL,Wheels,Components
415,FW-R820,HL Road Front Wheel,146.5466,Black,HL Road Front Wheel,Strong wheel with double-walled rim.,NULL,Wheels,Components
416,FW-T905,Touring Front Wheel,96.7964,Black,Touring Front Wheel,Aerodynamic rims for smooth riding.,NULL,Wheels,Components
417,FR-R72Y-38,"ML Road Frame-W - Yellow, 38",300.1188,Yellow,ML Road Frame-W,"Made from the same aluminum alloy as our top-of-the line HL frame, the ML features a lightweight down-tube milled to the perfect diameter for optimal strength. Women's version.",NULL,Road Frames,Components
418,FR-R72Y-38,"ML Road Frame-W - Yellow, 38",360.9428,Yellow,ML Road Frame-W,"Made from the same aluminum alloy as our top-of-the line HL frame, the ML features a lightweight down-tube milled to the perfect diameter for optimal strength. Women's version.",Current,Road Frames,Components
419,RW-M423,LL Mountain Rear Wheel,38.9588,Black,LL Mountain Rear Wheel,Replacement mountain wheel for entry-level rider.,NULL,Wheels,Components
420,RW-M762,ML Mountain Rear Wheel,104.7951,Black,ML Mountain Rear Wheel,Replacement mountain wheel for the casual to serious rider.,NULL,Wheels,Components
421,RW-M928,HL Mountain Rear Wheel,145.2835,Black,HL Mountain Rear Wheel,High-performance mountain replacement wheel.,NULL,Wheels,Components
422,RW-R623,LL Road Rear Wheel,49.9789,Black,LL Road Rear Wheel,Replacement road rear wheel for entry-level cyclist.,NULL,Wheels,Components
423,RW-R762,ML Road Rear Wheel,122.2709,Black,ML Road Rear Wheel,Aluminum alloy rim with stainless steel spokes; built for speed.,NULL,Wheels,Components
424,RW-R820,HL Road Rear Wheel,158.5346,Black,HL Road Rear Wheel,Strong rear wheel with double-walled rim.,NULL,Wheels,Components
425,RW-T905,Touring Rear Wheel,108.7844,Black,Touring Rear Wheel,Excellent aerodynamic rims guarantee a smooth ride.,NULL,Wheels,Components
426,FR-M63B-40,"ML Mountain Frame - Black, 40",185.8193,Black,ML Mountain Frame,The ML frame is a heat-treated aluminum frame made with the same detail and quality as our HL frame. It offers superior performance. Women's version.,NULL,Mountain Frames,Components
427,FR-M63B-44,"ML Mountain Frame - Black, 44",185.8193,Black,ML Mountain Frame,The ML frame is a heat-treated aluminum frame made with the same detail and quality as our HL frame. It offers superior performance. Women's version.,NULL,Mountain Frames,Components
428,FR-M63B-48,"ML Mountain Frame - Black, 48",185.8193,Black,ML Mountain Frame,The ML frame is a heat-treated aluminum frame made with the same detail and quality as our HL frame. It offers superior performance. Women's version.,NULL,Mountain Frames,Components
429,FR-R72Y-40,"ML Road Frame-W - Yellow, 40",300.1188,Yellow,ML Road Frame-W,"Made from the same aluminum alloy as our top-of-the line HL frame, the ML features a lightweight down-tube milled to the perfect diameter for optimal strength. Women's version.",NULL,Road Frames,Components
430,FR-R72Y-40,"ML Road Frame-W - Yellow, 40",360.9428,Yellow,ML Road Frame-W,"Made from the same aluminum alloy as our top-of-the line HL frame, the ML features a lightweight down-tube milled to the perfect diameter for optimal strength. Women's version.",Current,Road Frames,Components
431,FR-R72Y-42,"ML Road Frame-W - Yellow, 42",300.1188,Yellow,ML Road Frame-W,"Made from the same aluminum alloy as our top-of-the line HL frame, the ML features a lightweight down-tube milled to the perfect diameter for optimal strength. Women's version.",NULL,Road Frames,Components
432,FR-R72Y-42,"ML Road Frame-W - Yellow, 42",360.9428,Yellow,ML Road Frame-W,"Made from the same aluminum alloy as our top-of-the line HL frame, the ML features a lightweight down-tube milled to the perfect diameter for optimal strength. Women's version.",Current,Road Frames,Components
433,FR-R72Y-44,"ML Road Frame-W - Yellow, 44",300.1188,Yellow,ML Road Frame-W,"Made from the same aluminum alloy as our top-of-the line HL frame, the ML features a lightweight down-tube milled to the perfect diameter for optimal strength. Women's version.",NULL,Road Frames,Components
434,FR-R72Y-44,"ML Road Frame-W - Yellow, 44",360.9428,Yellow,ML Road Frame-W,"Made from the same aluminum alloy as our top-of-the line HL frame, the ML features a lightweight down-tube milled to the perfect diameter for optimal strength. Women's version.",Current,Road Frames,Components
435,FR-R72Y-48,"ML Road Frame-W - Yellow, 48",300.1188,Yellow,ML Road Frame-W,"Made from the same aluminum alloy as our top-of-the line HL frame, the ML features a lightweight down-tube milled to the perfect diameter for optimal strength. Women's version.",NULL,Road Frames,Components
436,FR-R72Y-48,"ML Road Frame-W - Yellow, 48",360.9428,Yellow,ML Road Frame-W,"Made from the same aluminum alloy as our top-of-the line HL frame, the ML features a lightweight down-tube milled to the perfect diameter for optimal strength. Women's version.",Current,Road Frames,Components
437,FR-R92B-62,"HL Road Frame - Black, 62",722.2568,Black,HL Road Frame,Our lightest and best quality aluminum frame made from the newest alloy; it is welded and heat-treated for strength. Our innovative design results in maximum comfort and performance.,NULL,Road Frames,Components
438,FR-R92B-62,"HL Road Frame - Black, 62",868.6342,Black,HL Road Frame,Our lightest and best quality aluminum frame made from the newest alloy; it is welded and heat-treated for strength. Our innovative design results in maximum comfort and performance.,Current,Road Frames,Components
439,FR-R92B-44,"HL Road Frame - Black, 44",722.2568,Black,HL Road Frame,Our lightest and best quality aluminum frame made from the newest alloy; it is welded and heat-treated for strength. Our innovative design results in maximum comfort and performance.,NULL,Road Frames,Components
440,FR-R92B-44,"HL Road Frame - Black, 44",868.6342,Black,HL Road Frame,Our lightest and best quality aluminum frame made from the newest alloy; it is welded and heat-treated for strength. Our innovative design results in maximum comfort and performance.,Current,Road Frames,Components
441,FR-R92B-48,"HL Road Frame - Black, 48",722.2568,Black,HL Road Frame,Our lightest and best quality aluminum frame made from the newest alloy; it is welded and heat-treated for strength. Our innovative design results in maximum comfort and performance.,NULL,Road Frames,Components
442,FR-R92B-48,"HL Road Frame - Black, 48",868.6342,Black,HL Road Frame,Our lightest and best quality aluminum frame made from the newest alloy; it is welded and heat-treated for strength. Our innovative design results in maximum comfort and performance.,Current,Road Frames,Components
443,FR-R92B-52,"HL Road Frame - Black, 52",722.2568,Black,HL Road Frame,Our lightest and best quality aluminum frame made from the newest alloy; it is welded and heat-treated for strength. Our innovative design results in maximum comfort and performance.,NULL,Road Frames,Components
444,FR-R92B-52,"HL Road Frame - Black, 52",868.6342,Black,HL Road Frame,Our lightest and best quality aluminum frame made from the newest alloy; it is welded and heat-treated for strength. Our innovative design results in maximum comfort and performance.,Current,Road Frames,Components
445,SH-M897-S,"Men's Sports Shorts, S",24.7459,Black,Men's Sports Shorts,Men's 8-panel racing shorts - lycra with an elastic waistband and leg grippers.,NULL,Shorts,Clothing
446,PA-T100,"Touring-Panniers, Large",51.5625,Grey,Touring-Panniers,"Durable, water-proof nylon construction with easy access. Large enough for weekend trips.",NULL,Panniers,Accessories
447,LO-C100,Cable Lock,10.3125,NA,Cable Lock,"Wraps to fit front and rear tires, carrier and 2 keys included.",NULL,Locks,Accessories
448,PU-0452,Minipump,8.2459,NA,Minipump,Designed for convenience. Fits in your pocket. Aluminum barrel. 160psi rated.,NULL,Pumps,Accessories
449,PU-M044,Mountain Pump,10.3084,NA,Mountain Pump,Simple and light-weight. Emergency patches stored in handle.,NULL,Pumps,Accessories
450,LT-T990,Taillights - Battery-Powered,5.7709,NA,Taillight,Affordable light for safe night riding - uses 3 AAA batteries,NULL,Lights,Accessories
451,LT-H902,Headlights - Dual-Beam,14.4334,NA,Headlights - Dual-Beam,Rechargeable dual-beam headlight.,NULL,Lights,Accessories
452,LT-H903,Headlights - Weatherproof,18.5584,NA,Headlights - Weatherproof,Rugged weatherproof headlight.,NULL,Lights,Accessories
453,SH-M897-M,"Men's Sports Shorts, M",24.7459,Black,Men's Sports Shorts,Men's 8-panel racing shorts - lycra with an elastic waistband and leg grippers.,NULL,Shorts,Clothing
454,SH-M897-L,"Men's Sports Shorts, L",24.7459,Black,Men's Sports Shorts,Men's 8-panel racing shorts - lycra with an elastic waistband and leg grippers.,NULL,Shorts,Clothing
455,SH-M897-X,"Men's Sports Shorts, XL",24.7459,Black,Men's Sports Shorts,Men's 8-panel racing shorts - lycra with an elastic waistband and leg grippers.,NULL,Shorts,Clothing
456,TG-W091-S,"Women's Tights, S",30.9334,Black,Women's Tights,Warm spandex tights for winter riding; seamless chamois construction eliminates pressure points.,NULL,Tights,Clothing
457,TG-W091-M,"Women's Tights, M",30.9334,Black,Women's Tights,Warm spandex tights for winter riding; seamless chamois construction eliminates pressure points.,NULL,Tights,Clothing
458,TG-W091-L,"Women's Tights, L",30.9334,Black,Women's Tights,Warm spandex tights for winter riding; seamless chamois construction eliminates pressure points.,NULL,Tights,Clothing
459,SB-M891-S,"Men's Bib-Shorts, S",37.1209,Multi,Men's Bib-Shorts,"Designed for the AWC team with stay-put straps, moisture-control, chamois padding, and leg grippers.",NULL,Bib-Shorts,Clothing
460,SB-M891-M,"Men's Bib-Shorts, M",37.1209,Multi,Men's Bib-Shorts,"Designed for the AWC team with stay-put straps, moisture-control, chamois padding, and leg grippers.",NULL,Bib-Shorts,Clothing
461,SB-M891-L,"Men's Bib-Shorts, L",37.1209,Multi,Men's Bib-Shorts,"Designed for the AWC team with stay-put straps, moisture-control, chamois padding, and leg grippers.",NULL,Bib-Shorts,Clothing
462,GL-H102-S,"Half-Finger Gloves, S",9.7136,Black,Half-Finger Gloves,"Full padding, improved finger flex, durable palm, adjustable closure.",NULL,Gloves,Clothing
463,GL-H102-S,"Half-Finger Gloves, S",9.1593,Black,Half-Finger Gloves,"Full padding, improved finger flex, durable palm, adjustable closure.",Current,Gloves,Clothing
464,GL-H102-M,"Half-Finger Gloves, M",9.7136,Black,Half-Finger Gloves,"Full padding, improved finger flex, durable palm, adjustable closure.",NULL,Gloves,Clothing
465,GL-H102-M,"Half-Finger Gloves, M",9.1593,Black,Half-Finger Gloves,"Full padding, improved finger flex, durable palm, adjustable closure.",Current,Gloves,Clothing
466,GL-H102-L,"Half-Finger Gloves, L",9.7136,Black,Half-Finger Gloves,"Full padding, improved finger flex, durable palm, adjustable closure.",NULL,Gloves,Clothing
467,GL-H102-L,"Half-Finger Gloves, L",9.1593,Black,Half-Finger Gloves,"Full padding, improved finger flex, durable palm, adjustable closure.",Current,Gloves,Clothing
468,GL-F110-S,"Full-Finger Gloves, S",15.6709,Black,Full-Finger Gloves,"Synthetic palm, flexible knuckles, breathable mesh upper. Worn by the AWC team riders.",NULL,Gloves,Clothing
469,GL-F110-M,"Full-Finger Gloves, M",15.6709,Black,Full-Finger Gloves,"Synthetic palm, flexible knuckles, breathable mesh upper. Worn by the AWC team riders.",NULL,Gloves,Clothing
470,GL-F110-L,"Full-Finger Gloves, L",15.6709,Black,Full-Finger Gloves,"Synthetic palm, flexible knuckles, breathable mesh upper. Worn by the AWC team riders.",NULL,Gloves,Clothing
471,VE-C304-S,"Classic Vest, S",23.749,Blue,Classic Vest,"Light-weight, wind-resistant, packs to fit into a pocket.",Current,Vests,Clothing
472,VE-C304-M,"Classic Vest, M",23.749,Blue,Classic Vest,"Light-weight, wind-resistant, packs to fit into a pocket.",Current,Vests,Clothing
473,VE-C304-L,"Classic Vest, L",23.749,Blue,Classic Vest,"Light-weight, wind-resistant, packs to fit into a pocket.",Current,Vests,Clothing
474,SH-W890-S,"Women's Mountain Shorts, S",26.1763,Black,Women's Mountain Shorts,"Heavy duty, abrasion-resistant shorts feature seamless, lycra inner shorts with anti-bacterial chamois for comfort.",Current,Shorts,Clothing
475,SH-W890-M,"Women's Mountain Shorts, M",26.1763,Black,Women's Mountain Shorts,"Heavy duty, abrasion-resistant shorts feature seamless, lycra inner shorts with anti-bacterial chamois for comfort.",Current,Shorts,Clothing
476,SH-W890-L,"Women's Mountain Shorts, L",26.1763,Black,Women's Mountain Shorts,"Heavy duty, abrasion-resistant shorts feature seamless, lycra inner shorts with anti-bacterial chamois for comfort.",Current,Shorts,Clothing
477,WB-H098,Water Bottle - 30 oz.,1.8663,NA,Water Bottle,AWC logo water bottle - holds 30 oz; leak-proof.,Current,Bottles and Cages,Accessories
478,BC-M005,Mountain Bottle Cage,3.7363,NA,Mountain Bottle Cage,Tough aluminum cage holds bottle securly on tough terrain.,Current,Bottles and Cages,Accessories
479,BC-R205,Road Bottle Cage,3.3623,NA,Road Bottle Cage,Aluminum cage is lighter than our mountain version; perfect for long distance trips.,Current,Bottles and Cages,Accessories
480,PK-7098,Patch Kit/8 Patches,0.8565,NA,Patch kit,"Includes 8 different size patches, glue and sandpaper.",Current,Tires and Tubes,Accessories
481,SO-R809-M,"Racing Socks, M",3.3623,White,Racing Socks,"Thin, lightweight and durable with cuffs that stay up.",Current,Socks,Clothing
482,SO-R809-L,"Racing Socks, L",3.3623,White,Racing Socks,"Thin, lightweight and durable with cuffs that stay up.",Current,Socks,Clothing
483,RA-H123,Hitch Rack - 4-Bike,44.88,NA,Hitch Rack - 4-Bike,"Carries 4 bikes securely; steel construction, fits 2"" receiver hitch.",Current,Bike Racks,Accessories
484,CL-9009,Bike Wash - Dissolver,2.9733,NA,Bike Wash,"Washes off the toughest road grime; dissolves grease, environmentally safe. 1-liter bottle.",Current,Cleaners,Accessories
485,FE-6654,Fender Set - Mountain,8.2205,NA,Fender Set - Mountain,Clip-on fenders fit most mountain bikes.,Current,Fenders,Accessories
486,ST-1401,All-Purpose Bike Stand,59.466,NA,All-Purpose Bike Stand,Perfect all-purpose bike stand for working on your bike at home. Quick-adjusting clamps and steel construction.,Current,Bike Stands,Accessories
487,HY-1023-70,Hydration Pack - 70 oz.,20.5663,Silver,Hydration Pack,"Versatile 70 oz hydration pack offers extra storage, easy-fill access, and a waist belt.",Current,Hydration Packs,Accessories
488,SJ-0194-S,"Short-Sleeve Classic Jersey, S",41.5723,Yellow,Short-Sleeve Classic Jersey,"Short sleeve classic breathable jersey with superior moisture control, front zipper, and 3 back pockets.",Current,Jerseys,Clothing
489,SJ-0194-M,"Short-Sleeve Classic Jersey, M",41.5723,Yellow,Short-Sleeve Classic Jersey,"Short sleeve classic breathable jersey with superior moisture control, front zipper, and 3 back pockets.",Current,Jerseys,Clothing
490,SJ-0194-L,"Short-Sleeve Classic Jersey, L",41.5723,Yellow,Short-Sleeve Classic Jersey,"Short sleeve classic breathable jersey with superior moisture control, front zipper, and 3 back pockets.",Current,Jerseys,Clothing
491,SJ-0194-X,"Short-Sleeve Classic Jersey, XL",41.5723,Yellow,Short-Sleeve Classic Jersey,"Short sleeve classic breathable jersey with superior moisture control, front zipper, and 3 back pockets.",Current,Jerseys,Clothing
492,FR-T98Y-60,"HL Touring Frame - Yellow, 60",601.7437,Yellow,HL Touring Frame,The HL aluminum frame is custom-shaped for both good looks and strength; it will withstand the most rigorous challenges of daily riding. Men's version.,Current,Touring Frames,Components
493,FR-T67Y-62,"LL Touring Frame - Yellow, 62",199.8519,Yellow,LL Touring Frame,Lightweight butted aluminum frame provides a more upright riding position for a trip around town.  Our ground-breaking design provides optimum comfort.,Current,Touring Frames,Components
494,FR-T98Y-46,"HL Touring Frame - Yellow, 46",601.7437,Yellow,HL Touring Frame,The HL aluminum frame is custom-shaped for both good looks and strength; it will withstand the most rigorous challenges of daily riding. Men's version.,Current,Touring Frames,Components
495,FR-T98Y-50,"HL Touring Frame - Yellow, 50",601.7437,Yellow,HL Touring Frame,The HL aluminum frame is custom-shaped for both good looks and strength; it will withstand the most rigorous challenges of daily riding. Men's version.,Current,Touring Frames,Components
496,FR-T98Y-54,"HL Touring Frame - Yellow, 54",601.7437,Yellow,HL Touring Frame,The HL aluminum frame is custom-shaped for both good looks and strength; it will withstand the most rigorous challenges of daily riding. Men's version.,Current,Touring Frames,Components
497,FR-T98U-46,"HL Touring Frame - Blue, 46",601.7437,Blue,HL Touring Frame,The HL aluminum frame is custom-shaped for both good looks and strength; it will withstand the most rigorous challenges of daily riding. Men's version.,Current,Touring Frames,Components
498,FR-T98U-50,"HL Touring Frame - Blue, 50",601.7437,Blue,HL Touring Frame,The HL aluminum frame is custom-shaped for both good looks and strength; it will withstand the most rigorous challenges of daily riding. Men's version.,Current,Touring Frames,Components
499,FR-T98U-54,"HL Touring Frame - Blue, 54",601.7437,Blue,HL Touring Frame,The HL aluminum frame is custom-shaped for both good looks and strength; it will withstand the most rigorous challenges of daily riding. Men's version.,Current,Touring Frames,Components
500,FR-T98U-60,"HL Touring Frame - Blue, 60",601.7437,Blue,HL Touring Frame,The HL aluminum frame is custom-shaped for both good looks and strength; it will withstand the most rigorous challenges of daily riding. Men's version.,Current,Touring Frames,Components
501,RD-2308,Rear Derailleur,53.9282,Silver,Rear Derailleur,Wide-link design.,Current,Derailleurs,Components
502,FR-T67U-50,"LL Touring Frame - Blue, 50",199.8519,Blue,LL Touring Frame,Lightweight butted aluminum frame provides a more upright riding position for a trip around town.  Our ground-breaking design provides optimum comfort.,Current,Touring Frames,Components
503,FR-T67U-54,"LL Touring Frame - Blue, 54",199.8519,Blue,LL Touring Frame,Lightweight butted aluminum frame provides a more upright riding position for a trip around town.  Our ground-breaking design provides optimum comfort.,Current,Touring Frames,Components
504,FR-T67U-58,"LL Touring Frame - Blue, 58",199.8519,Blue,LL Touring Frame,Lightweight butted aluminum frame provides a more upright riding position for a trip around town.  Our ground-breaking design provides optimum comfort.,Current,Touring Frames,Components
505,FR-T67U-62,"LL Touring Frame - Blue, 62",199.8519,Blue,LL Touring Frame,Lightweight butted aluminum frame provides a more upright riding position for a trip around town.  Our ground-breaking design provides optimum comfort.,Current,Touring Frames,Components
506,FR-T67Y-44,"LL Touring Frame - Yellow, 44",199.8519,Yellow,LL Touring Frame,Lightweight butted aluminum frame provides a more upright riding position for a trip around town.  Our ground-breaking design provides optimum comfort.,Current,Touring Frames,Components
507,FR-T67Y-50,"LL Touring Frame - Yellow, 50",199.8519,Yellow,LL Touring Frame,Lightweight butted aluminum frame provides a more upright riding position for a trip around town.  Our ground-breaking design provides optimum comfort.,Current,Touring Frames,Components
508,FR-T67Y-54,"LL Touring Frame - Yellow, 54",199.8519,Yellow,LL Touring Frame,Lightweight butted aluminum frame provides a more upright riding position for a trip around town.  Our ground-breaking design provides optimum comfort.,Current,Touring Frames,Components
509,FR-T67Y-58,"LL Touring Frame - Yellow, 58",199.8519,Yellow,LL Touring Frame,Lightweight butted aluminum frame provides a more upright riding position for a trip around town.  Our ground-breaking design provides optimum comfort.,Current,Touring Frames,Components
510,FR-T67U-44,"LL Touring Frame - Blue, 44",199.8519,Blue,LL Touring Frame,Lightweight butted aluminum frame provides a more upright riding position for a trip around town.  Our ground-breaking design provides optimum comfort.,Current,Touring Frames,Components
511,FR-M63S-40,"ML Mountain Frame-W - Silver, 40",199.3757,Silver,ML Mountain Frame-W,The ML frame is a heat-treated aluminum frame made with the same detail and quality as our HL frame. It offers superior performance. Men's version.,Current,Mountain Frames,Components
512,FR-M63S-42,"ML Mountain Frame-W - Silver, 42",199.3757,Silver,ML Mountain Frame-W,The ML frame is a heat-treated aluminum frame made with the same detail and quality as our HL frame. It offers superior performance. Men's version.,Current,Mountain Frames,Components
513,FR-M63S-46,"ML Mountain Frame-W - Silver, 46",199.3757,Silver,ML Mountain Frame-W,The ML frame is a heat-treated aluminum frame made with the same detail and quality as our HL frame. It offers superior performance. Men's version.,Current,Mountain Frames,Components
514,RB-9231,Rear Brakes,47.286,Silver,Rear Brakes,NULL,Current,Brakes,Components
515,SE-M236,LL Mountain Seat/Saddle,12.0413,NA,LL Mountain Seat/Saddle 2,Synthetic leather. Features gel for increased comfort.,Current,Saddles,Components
516,SE-M798,ML Mountain Seat/Saddle,17.3782,NA,ML Mountain Seat/Saddle 2,Designed to absorb shock.,Current,Saddles,Components
517,SE-M940,HL Mountain Seat/Saddle,23.3722,NA,HL Mountain Seat/Saddle 2,Anatomic design for a full-day of riding in comfort. Durable leather.,Current,Saddles,Components
518,SE-R581,LL Road Seat/Saddle,12.0413,NA,LL Road Seat/Saddle 1,Lightweight foam-padded saddle.,Current,Saddles,Components
519,SE-R908,ML Road Seat/Saddle,17.3782,NA,ML Road Seat/Saddle 2,Rubber bumpers absorb bumps.,Current,Saddles,Components
520,SE-R995,HL Road Seat/Saddle,23.3722,NA,HL Road Seat/Saddle 2,Lightweight kevlar racing saddle. Leather.,Current,Saddles,Components
521,SE-T312,LL Touring Seat/Saddle,12.0413,NA,LL Touring Seat/Saddle,"Comfortable, ergonomically shaped gel saddle.",Current,Saddles,Components
522,SE-T762,ML Touring Seat/Saddle,17.3782,NA,ML Touring Seat/Saddle,New design relieves pressure for long rides.,Current,Saddles,Components
523,SE-T924,HL Touring Seat/Saddle,23.3722,NA,HL Touring Seat/Saddle,Cut-out shell for a more comfortable ride.,Current,Saddles,Components
524,FR-M21S-42,"LL Mountain Frame - Silver, 42",144.5938,Silver,LL Mountain Frame,"Our best value utilizing the same, ground-breaking frame technology as the ML aluminum frame.",Current,Mountain Frames,Components
525,FR-M21S-44,"LL Mountain Frame - Silver, 44",144.5938,Silver,LL Mountain Frame,"Our best value utilizing the same, ground-breaking frame technology as the ML aluminum frame.",Current,Mountain Frames,Components
526,FR-M21S-48,"LL Mountain Frame - Silver, 48",144.5938,Silver,LL Mountain Frame,"Our best value utilizing the same, ground-breaking frame technology as the ML aluminum frame.",Current,Mountain Frames,Components
527,FR-M21S-52,"LL Mountain Frame - Silver, 52",144.5938,Silver,LL Mountain Frame,"Our best value utilizing the same, ground-breaking frame technology as the ML aluminum frame.",Current,Mountain Frames,Components
528,TT-M928,Mountain Tire Tube,1.8663,NA,Mountain Tire Tube,Self-sealing tube.,Current,Tires and Tubes,Accessories
529,TT-R982,Road Tire Tube,1.4923,NA,Road Tire Tube,Conventional all-purpose tube.,Current,Tires and Tubes,Accessories
530,TT-T092,Touring Tire Tube,1.8663,NA,Touring Tire Tube,General purpose tube.,Current,Tires and Tubes,Accessories
531,FR-M21B-42,"LL Mountain Frame - Black, 42",136.785,Black,LL Mountain Frame,"Our best value utilizing the same, ground-breaking frame technology as the ML aluminum frame.",Current,Mountain Frames,Components
532,FR-M21B-44,"LL Mountain Frame - Black, 44",136.785,Black,LL Mountain Frame,"Our best value utilizing the same, ground-breaking frame technology as the ML aluminum frame.",Current,Mountain Frames,Components
533,FR-M21B-48,"LL Mountain Frame - Black, 48",136.785,Black,LL Mountain Frame,"Our best value utilizing the same, ground-breaking frame technology as the ML aluminum frame.",Current,Mountain Frames,Components
534,FR-M21B-52,"LL Mountain Frame - Black, 52",136.785,Black,LL Mountain Frame,"Our best value utilizing the same, ground-breaking frame technology as the ML aluminum frame.",Current,Mountain Frames,Components
535,TI-M267,LL Mountain Tire,9.3463,NA,LL Mountain Tire,"Comparible traction, less expensive wire bead casing.",Current,Tires and Tubes,Accessories
536,TI-M602,ML Mountain Tire,11.2163,NA,ML Mountain Tire,"Great traction, high-density rubber.",Current,Tires and Tubes,Accessories
537,TI-M823,HL Mountain Tire,13.09,NA,HL Mountain Tire,"Incredible traction, lightweight carbon reinforced.",Current,Tires and Tubes,Accessories
538,TI-R092,LL Road Tire,8.0373,NA,LL Road Tire,Same great treads as more expensive tire with a less expensive wire bead casing.,Current,Tires and Tubes,Accessories
539,TI-R628,ML Road Tire,9.3463,NA,ML Road Tire,Higher density rubber.,Current,Tires and Tubes,Accessories
540,TI-R982,HL Road Tire,12.1924,NA,HL Road Tire,Lightweight carbon reinforced  for an unrivaled ride at an un-compromised weight.,Current,Tires and Tubes,Accessories
541,TI-T723,Touring Tire,10.8423,NA,Touring Tire,High-density rubber.,Current,Tires and Tubes,Accessories
542,PD-M282,LL Mountain Pedal,17.9776,Silver/Black,LL Mountain Pedal,Expanded platform so you can ride in any shoes; great for all-around riding.,Current,Pedals,Components
543,PD-M340,ML Mountain Pedal,27.568,Silver/Black,ML Mountain Pedal,"Lightweight, durable, clipless pedal with adjustable tension.",Current,Pedals,Components
544,PD-M562,HL Mountain Pedal,35.9596,Silver/Black,HL Mountain Pedal,Stainless steel; designed to shed mud easily.,Current,Pedals,Components
545,PD-R347,LL Road Pedal,17.9776,Silver/Black,LL Road Pedal,Clipless pedals - aluminum.,Current,Pedals,Components
546,PD-R563,ML Road Pedal,27.568,Silver/Black,ML Road Pedal,Lightweight aluminum alloy construction.,Current,Pedals,Components
547,PD-R853,HL Road Pedal,35.9596,Silver/Black,HL Road Pedal,Top-of-the-line clipless pedals with adjustable tension.,Current,Pedals,Components
548,PD-T852,Touring Pedal,35.9596,Silver/Black,Touring Pedal,A stable pedal for all-day riding.,Current,Pedals,Components
549,FR-M63S-38,"ML Mountain Frame-W - Silver, 38",199.3757,Silver,ML Mountain Frame-W,The ML frame is a heat-treated aluminum frame made with the same detail and quality as our HL frame. It offers superior performance. Men's version.,Current,Mountain Frames,Components
550,FR-M21B-40,"LL Mountain Frame - Black, 40",136.785,Black,LL Mountain Frame,"Our best value utilizing the same, ground-breaking frame technology as the ML aluminum frame.",Current,Mountain Frames,Components
551,FR-M21S-40,"LL Mountain Frame - Silver, 40",144.5938,Silver,LL Mountain Frame,"Our best value utilizing the same, ground-breaking frame technology as the ML aluminum frame.",Current,Mountain Frames,Components
552,FD-2342,Front Derailleur,40.6216,Silver,Front Derailleur,Wide-link design.,Current,Derailleurs,Components
553,HB-T721,LL Touring Handlebars,20.464,NA,LL Touring Handlebars,Unique shape reduces fatigue for entry level riders.,Current,Handlebars,Components
554,HB-T928,HL Touring Handlebars,40.6571,NA,HL Touring Handlebars,A light yet stiff aluminum bar for long distance riding.,Current,Handlebars,Components
555,FB-9873,Front Brakes,47.286,Silver,Front Brakes,All-weather brake pads; provides superior stopping by applying more surface to the rim.,Current,Brakes,Components
556,CS-4759,LL Crankset,77.9176,Black,LL Crankset,Super rigid spindle.,Current,Cranksets,Components
557,CS-6583,ML Crankset,113.8816,Black,ML Crankset,High-strength crank arm.,Current,Cranksets,Components
558,CS-9183,HL Crankset,179.8156,Black,HL Crankset,Triple crankset; alumunim crank arm; flawless shifting.,Current,Cranksets,Components
559,CH-0234,Chain,8.9866,Silver,Chain,Superior shifting performance.,Current,Chains,Components
560,BK-T44U-60,"Touring-2000 Blue, 60",755.1508,Blue,Touring-2000,"The plush custom saddle keeps you riding all day,  and there's plenty of space to add panniers and bike bags to the newly-redesigned carrier.  This bike has stability when fully-loaded.",Current,Touring Bikes,Bikes
561,BK-T79Y-46,"Touring-1000 Yellow, 46",1481.9379,Yellow,Touring-1000,Travel in style and comfort. Designed for maximum comfort and safety. Wide gear range takes on all hills. High-tech aluminum alloy construction provides durability without added weight.,Current,Touring Bikes,Bikes
562,BK-T79Y-50,"Touring-1000 Yellow, 50",1481.9379,Yellow,Touring-1000,Travel in style and comfort. Designed for maximum comfort and safety. Wide gear range takes on all hills. High-tech aluminum alloy construction provides durability without added weight.,Current,Touring Bikes,Bikes
563,BK-T79Y-54,"Touring-1000 Yellow, 54",1481.9379,Yellow,Touring-1000,Travel in style and comfort. Designed for maximum comfort and safety. Wide gear range takes on all hills. High-tech aluminum alloy construction provides durability without added weight.,Current,Touring Bikes,Bikes
564,BK-T79Y-60,"Touring-1000 Yellow, 60",1481.9379,Yellow,Touring-1000,Travel in style and comfort. Designed for maximum comfort and safety. Wide gear range takes on all hills. High-tech aluminum alloy construction provides durability without added weight.,Current,Touring Bikes,Bikes
565,BK-T18U-54,"Touring-3000 Blue, 54",461.4448,Blue,Touring-3000,"All-occasion value bike with our basic comfort and safety features. Offers wider, more stable tires for a ride around town or weekend trip.",Current,Touring Bikes,Bikes
566,BK-T18U-58,"Touring-3000 Blue, 58",461.4448,Blue,Touring-3000,"All-occasion value bike with our basic comfort and safety features. Offers wider, more stable tires for a ride around town or weekend trip.",Current,Touring Bikes,Bikes
567,BK-T18U-62,"Touring-3000 Blue, 62",461.4448,Blue,Touring-3000,"All-occasion value bike with our basic comfort and safety features. Offers wider, more stable tires for a ride around town or weekend trip.",Current,Touring Bikes,Bikes
568,BK-T18Y-44,"Touring-3000 Yellow, 44",461.4448,Yellow,Touring-3000,"All-occasion value bike with our basic comfort and safety features. Offers wider, more stable tires for a ride around town or weekend trip.",Current,Touring Bikes,Bikes
569,BK-T18Y-50,"Touring-3000 Yellow, 50",461.4448,Yellow,Touring-3000,"All-occasion value bike with our basic comfort and safety features. Offers wider, more stable tires for a ride around town or weekend trip.",Current,Touring Bikes,Bikes
570,BK-T18Y-54,"Touring-3000 Yellow, 54",461.4448,Yellow,Touring-3000,"All-occasion value bike with our basic comfort and safety features. Offers wider, more stable tires for a ride around town or weekend trip.",Current,Touring Bikes,Bikes
571,BK-T18Y-58,"Touring-3000 Yellow, 58",461.4448,Yellow,Touring-3000,"All-occasion value bike with our basic comfort and safety features. Offers wider, more stable tires for a ride around town or weekend trip.",Current,Touring Bikes,Bikes
572,BK-T18Y-62,"Touring-3000 Yellow, 62",461.4448,Yellow,Touring-3000,"All-occasion value bike with our basic comfort and safety features. Offers wider, more stable tires for a ride around town or weekend trip.",Current,Touring Bikes,Bikes
573,BK-T79U-46,"Touring-1000 Blue, 46",1481.9379,Blue,Touring-1000,Travel in style and comfort. Designed for maximum comfort and safety. Wide gear range takes on all hills. High-tech aluminum alloy construction provides durability without added weight.,Current,Touring Bikes,Bikes
574,BK-T79U-50,"Touring-1000 Blue, 50",1481.9379,Blue,Touring-1000,Travel in style and comfort. Designed for maximum comfort and safety. Wide gear range takes on all hills. High-tech aluminum alloy construction provides durability without added weight.,Current,Touring Bikes,Bikes
575,BK-T79U-54,"Touring-1000 Blue, 54",1481.9379,Blue,Touring-1000,Travel in style and comfort. Designed for maximum comfort and safety. Wide gear range takes on all hills. High-tech aluminum alloy construction provides durability without added weight.,Current,Touring Bikes,Bikes
576,BK-T79U-60,"Touring-1000 Blue, 60",1481.9379,Blue,Touring-1000,Travel in style and comfort. Designed for maximum comfort and safety. Wide gear range takes on all hills. High-tech aluminum alloy construction provides durability without added weight.,Current,Touring Bikes,Bikes
577,BK-T44U-46,"Touring-2000 Blue, 46",755.1508,Blue,Touring-2000,"The plush custom saddle keeps you riding all day,  and there's plenty of space to add panniers and bike bags to the newly-redesigned carrier.  This bike has stability when fully-loaded.",Current,Touring Bikes,Bikes
578,BK-T44U-50,"Touring-2000 Blue, 50",755.1508,Blue,Touring-2000,"The plush custom saddle keeps you riding all day,  and there's plenty of space to add panniers and bike bags to the newly-redesigned carrier.  This bike has stability when fully-loaded.",Current,Touring Bikes,Bikes
579,BK-T44U-54,"Touring-2000 Blue, 54",755.1508,Blue,Touring-2000,"The plush custom saddle keeps you riding all day,  and there's plenty of space to add panniers and bike bags to the newly-redesigned carrier.  This bike has stability when fully-loaded.",Current,Touring Bikes,Bikes
580,BK-R79Y-40,"Road-350-W Yellow, 40",1082.51,Yellow,Road-350-W,"Cross-train, race, or just socialize on a sleek, aerodynamic bike designed for a woman.  Advanced seat technology provides comfort all day.",Current,Road Bikes,Bikes
581,BK-R79Y-42,"Road-350-W Yellow, 42",1082.51,Yellow,Road-350-W,"Cross-train, race, or just socialize on a sleek, aerodynamic bike designed for a woman.  Advanced seat technology provides comfort all day.",Current,Road Bikes,Bikes
582,BK-R79Y-44,"Road-350-W Yellow, 44",1082.51,Yellow,Road-350-W,"Cross-train, race, or just socialize on a sleek, aerodynamic bike designed for a woman.  Advanced seat technology provides comfort all day.",Current,Road Bikes,Bikes
583,BK-R79Y-48,"Road-350-W Yellow, 48",1082.51,Yellow,Road-350-W,"Cross-train, race, or just socialize on a sleek, aerodynamic bike designed for a woman.  Advanced seat technology provides comfort all day.",Current,Road Bikes,Bikes
584,BK-R19B-58,"Road-750 Black, 58",343.6496,Black,Road-750,Entry level adult bike; offers a comfortable ride cross-country or down the block. Quick-release hubs and rims.,Current,Road Bikes,Bikes
585,BK-T18U-44,"Touring-3000 Blue, 44",461.4448,Blue,Touring-3000,"All-occasion value bike with our basic comfort and safety features. Offers wider, more stable tires for a ride around town or weekend trip.",Current,Touring Bikes,Bikes
586,BK-T18U-50,"Touring-3000 Blue, 50",461.4448,Blue,Touring-3000,"All-occasion value bike with our basic comfort and safety features. Offers wider, more stable tires for a ride around town or weekend trip.",Current,Touring Bikes,Bikes
587,BK-M38S-38,"Mountain-400-W Silver, 38",419.7784,Silver,Mountain-400-W,"This bike delivers a high-level of performance on a budget. It is responsive and maneuverable, and offers peace-of-mind when you decide to go off-road.",Current,Mountain Bikes,Bikes
588,BK-M38S-40,"Mountain-400-W Silver, 40",419.7784,Silver,Mountain-400-W,"This bike delivers a high-level of performance on a budget. It is responsive and maneuverable, and offers peace-of-mind when you decide to go off-road.",Current,Mountain Bikes,Bikes
589,BK-M38S-42,"Mountain-400-W Silver, 42",419.7784,Silver,Mountain-400-W,"This bike delivers a high-level of performance on a budget. It is responsive and maneuverable, and offers peace-of-mind when you decide to go off-road.",Current,Mountain Bikes,Bikes
590,BK-M38S-46,"Mountain-400-W Silver, 46",419.7784,Silver,Mountain-400-W,"This bike delivers a high-level of performance on a budget. It is responsive and maneuverable, and offers peace-of-mind when you decide to go off-road.",Current,Mountain Bikes,Bikes
591,BK-M18S-40,"Mountain-500 Silver, 40",308.2179,Silver,Mountain-500,"Suitable for any type of riding, on or off-road. Fits any budget. Smooth-shifting with a comfortable ride.",Current,Mountain Bikes,Bikes
592,BK-M18S-42,"Mountain-500 Silver, 42",308.2179,Silver,Mountain-500,"Suitable for any type of riding, on or off-road. Fits any budget. Smooth-shifting with a comfortable ride.",Current,Mountain Bikes,Bikes
593,BK-M18S-44,"Mountain-500 Silver, 44",308.2179,Silver,Mountain-500,"Suitable for any type of riding, on or off-road. Fits any budget. Smooth-shifting with a comfortable ride.",Current,Mountain Bikes,Bikes
594,BK-M18S-48,"Mountain-500 Silver, 48",308.2179,Silver,Mountain-500,"Suitable for any type of riding, on or off-road. Fits any budget. Smooth-shifting with a comfortable ride.",Current,Mountain Bikes,Bikes
595,BK-M18S-52,"Mountain-500 Silver, 52",308.2179,Silver,Mountain-500,"Suitable for any type of riding, on or off-road. Fits any budget. Smooth-shifting with a comfortable ride.",Current,Mountain Bikes,Bikes
596,BK-M18B-40,"Mountain-500 Black, 40",294.5797,Black,Mountain-500,"Suitable for any type of riding, on or off-road. Fits any budget. Smooth-shifting with a comfortable ride.",Current,Mountain Bikes,Bikes
597,BK-M18B-42,"Mountain-500 Black, 42",294.5797,Black,Mountain-500,"Suitable for any type of riding, on or off-road. Fits any budget. Smooth-shifting with a comfortable ride.",Current,Mountain Bikes,Bikes
598,BK-M18B-44,"Mountain-500 Black, 44",294.5797,Black,Mountain-500,"Suitable for any type of riding, on or off-road. Fits any budget. Smooth-shifting with a comfortable ride.",Current,Mountain Bikes,Bikes
599,BK-M18B-48,"Mountain-500 Black, 48",294.5797,Black,Mountain-500,"Suitable for any type of riding, on or off-road. Fits any budget. Smooth-shifting with a comfortable ride.",Current,Mountain Bikes,Bikes
600,BK-M18B-52,"Mountain-500 Black, 52",294.5797,Black,Mountain-500,"Suitable for any type of riding, on or off-road. Fits any budget. Smooth-shifting with a comfortable ride.",Current,Mountain Bikes,Bikes
601,BB-7421,LL Bottom Bracket,23.9716,NA,LL Bottom Bracket,Chromoly steel.,Current,Bottom Brackets,Components
602,BB-8107,ML Bottom Bracket,44.9506,NA,ML Bottom Bracket,Aluminum alloy cups; large diameter spindle.,Current,Bottom Brackets,Components
603,BB-9108,HL Bottom Bracket,53.9416,NA,HL Bottom Bracket,Aluminum alloy cups and a hollow axle.,Current,Bottom Brackets,Components
604,BK-R19B-44,"Road-750 Black, 44",343.6496,Black,Road-750,Entry level adult bike; offers a comfortable ride cross-country or down the block. Quick-release hubs and rims.,Current,Road Bikes,Bikes
605,BK-R19B-48,"Road-750 Black, 48",343.6496,Black,Road-750,Entry level adult bike; offers a comfortable ride cross-country or down the block. Quick-release hubs and rims.,Current,Road Bikes,Bikes
606,BK-R19B-52,"Road-750 Black, 52",343.6496,Black,Road-750,Entry level adult bike; offers a comfortable ride cross-country or down the block. Quick-release hubs and rims.,Current,Road Bikes,Bikes
